{
  "rejected_dict": {
    "tb_multiplier_treated_protection": {
      "0": [], 
      "1": [], 
      "2": [], 
      "3": [], 
      "4": [], 
      "5": [], 
      "6": [], 
      "7": [], 
      "8": [
        1.0727963007265651
      ], 
      "9": []
    }, 
    "tb_prop_casefatality_untreated_smearpos": {
      "0": [], 
      "1": [], 
      "2": [], 
      "3": [], 
      "4": [], 
      "5": [], 
      "6": [], 
      "7": [], 
      "8": [
        0.72310593434710835
      ], 
      "9": []
    }, 
    "start_time": {
      "0": [], 
      "1": [], 
      "2": [], 
      "3": [], 
      "4": [], 
      "5": [], 
      "6": [], 
      "7": [], 
      "8": [
        1875.0226869800886
      ], 
      "9": []
    }, 
    "tb_timeperiod_activeuntreated": {
      "0": [], 
      "1": [], 
      "2": [], 
      "3": [], 
      "4": [], 
      "5": [], 
      "6": [], 
      "7": [], 
      "8": [
        2.8376487451586492
      ], 
      "9": []
    }, 
    "tb_n_contact": {
      "0": [], 
      "1": [], 
      "2": [], 
      "3": [], 
      "4": [], 
      "5": [], 
      "6": [], 
      "7": [], 
      "8": [
        6.8265113904399488
      ], 
      "9": []
    }
  }, 
  "all_parameters_tried": {
    "tb_multiplier_treated_protection": [
      0.8343379200483378, 
      0.88722860199812525, 
      0.88179962762587749, 
      0.91313301701247629, 
      0.90733327226713745, 
      0.91622666050162038, 
      1.0085784808973193, 
      1.0519541335566907, 
      1.0727963007265651, 
      1.094272754213615
    ], 
    "tb_prop_casefatality_untreated_smearpos": [
      0.6907386909692698, 
      0.69087189165423568, 
      0.70222188344308367, 
      0.71954709894089686, 
      0.71589804839837179, 
      0.71919695029083386, 
      0.71691142498911076, 
      0.71101678905185128, 
      0.72310593434710835, 
      0.70707504225328788
    ], 
    "start_time": [
      1871.131399556444, 
      1874.400749675654, 
      1873.346153362972, 
      1875.6150134086542, 
      1875.638063811783, 
      1875.3714408495462, 
      1876.1427724582024, 
      1874.7561555938639, 
      1875.0226869800886, 
      1875.9880638156974
    ], 
    "tb_timeperiod_activeuntreated": [
      2.701487782170026, 
      2.7100622768141793, 
      2.7684163794108172, 
      2.7650457341737318, 
      2.7464321198283024, 
      2.7499320411637269, 
      2.7507323180653636, 
      2.7963831477812091, 
      2.8376487451586492, 
      2.8348889041164527
    ], 
    "tb_n_contact": [
      7.691956372892419, 
      7.408095108562744, 
      7.2436610121970331, 
      7.1910485448024852, 
      7.3325297514019656, 
      7.6989034825136073, 
      7.5950938989188534, 
      7.6195631639093335, 
      6.8265113904399488, 
      7.8937211539293486
    ]
  }, 
  "count": 0, 
  "whether_accepted": [
    true, 
    true, 
    true, 
    true, 
    true, 
    true, 
    true, 
    true, 
    false, 
    true
  ], 
  "names": [
    "tb_multiplier_treated_protection", 
    "Untreated smear-positive case fatality", 
    " from start of model run", 
    "tb_timeperiod_activeuntreated", 
    "Effective contact rate"
  ]
}