{
  "rejected_dict": {
    "tb_multiplier_treated_protection": {
      "0": [], 
      "1": [
        1.0462391764389005
      ], 
      "2": []
    }, 
    "tb_prop_casefatality_untreated_smearpos": {
      "0": [], 
      "1": [
        0.72607369741912953
      ], 
      "2": []
    }, 
    "start_time": {
      "0": [], 
      "1": [
        1857.5130156725927
      ], 
      "2": []
    }, 
    "tb_timeperiod_activeuntreated": {
      "0": [], 
      "1": [
        2.7053320207622136
      ], 
      "2": []
    }, 
    "tb_n_contact": {
      "0": [], 
      "1": [
        7.9754887657424547
      ], 
      "2": []
    }
  }, 
  "all_parameters_tried": {
    "tb_multiplier_treated_protection": [
      1.021105437799137, 
      1.0462391764389005, 
      0.9968061648807045
    ], 
    "tb_prop_casefatality_untreated_smearpos": [
      0.7176658884579489, 
      0.72607369741912953, 
      0.73083017612257095
    ], 
    "start_time": [
      1856.331203665705, 
      1857.5130156725927, 
      1855.915549705963
    ], 
    "tb_timeperiod_activeuntreated": [
      2.669900613579808, 
      2.7053320207622136, 
      2.6175630747362924
    ], 
    "tb_n_contact": [
      8.830366918725407, 
      7.9754887657424547, 
      8.8555775379444874
    ]
  }, 
  "count": 0, 
  "whether_accepted": [
    true, 
    false, 
    true
  ], 
  "names": [
    "relative susceptibility after treatment", 
    "Untreated smear-positive case fatality", 
    "run starting time", 
    "duration active untreated", 
    "Effective contact rate"
  ]
}