{
  "rejected_dict": {
    "tb_multiplier_treated_protection": {
      "0": [], 
      "1": [
        0.95578731838371522
      ], 
      "2": []
    }, 
    "tb_prop_casefatality_untreated_smearpos": {
      "0": [], 
      "1": [
        0.68485126011959674
      ], 
      "2": []
    }, 
    "start_time": {
      "0": [], 
      "1": [
        1869.6405249413049
      ], 
      "2": []
    }, 
    "tb_timeperiod_activeuntreated": {
      "0": [], 
      "1": [
        3.0553349994163326
      ], 
      "2": []
    }, 
    "tb_n_contact": {
      "0": [], 
      "1": [
        8.2615652529777801
      ], 
      "2": []
    }
  }, 
  "all_parameters_tried": {
    "tb_multiplier_treated_protection": [
      1.0, 
      0.95578731838371522, 
      1.0058705938503942
    ], 
    "tb_prop_casefatality_untreated_smearpos": [
      0.7, 
      0.68485126011959674, 
      0.69202909964398451
    ], 
    "start_time": [
      1865.0, 
      1869.6405249413049, 
      1863.3935271198905
    ], 
    "tb_timeperiod_activeuntreated": [
      3.0, 
      3.0553349994163326, 
      3.0100456551936654
    ], 
    "tb_n_contact": [
      8.7, 
      8.2615652529777801, 
      8.7529029893080761
    ]
  }, 
  "count": 0, 
  "whether_accepted": [
    true, 
    false, 
    true
  ], 
  "names": [
    "tb_multiplier_treated_protection", 
    "Untreated smear-positive case fatality", 
    " from start of model run", 
    "tb_timeperiod_activeuntreated", 
    "Effective contact rate"
  ]
}