{
  "rejected_dict": {
    "tb_prop_casefatality_untreated_smearpos": {
      "0": [],
      "1": [],
      "2": [],
      "3": [],
      "4": [],
      "5": [
        0.66152388370574844
      ],
      "6": [
        0.64336204704937117
      ],
      "7": [],
      "8": [
        0.66239528704871309
      ],
      "9": [],
      "10": []
    },
    "tb_timeperiod_activeuntreated": {
      "0": [],
      "1": [],
      "2": [],
      "3": [],
      "4": [],
      "5": [
        2.9389577075458604
      ],
      "6": [
        2.9869350708286899
      ],
      "7": [],
      "8": [
        2.9957229172367503
      ],
      "9": [],
      "10": []
    },
    "tb_n_contact": {
      "0": [],
      "1": [],
      "2": [],
      "3": [],
      "4": [],
      "5": [
        7.3914217055049001
      ],
      "6": [
        7.3358020202117444
      ],
      "7": [],
      "8": [
        7.1657330036871487
      ],
      "9": [],
      "10": []
    }
  },
  "all_parameters_tried": {
    "tb_prop_casefatality_untreated_smearpos": [
      0.7,
      0.67538148682608135,
      0.65430985130949038,
      0.66135524424443526,
      0.65599234916754168,
      0.66152388370574844,
      0.64960848387928349,
      0.64336204704937117,
      0.64458188126449356,
      0.65861420261984838,
      0.66239528704871309,
      0.62891411623855298,
      0.62439587649378347
    ],
    "tb_timeperiod_activeuntreated": [
      3.0,
      2.9931272383966334,
      3.0135760992930862,
      3.0480394032120084,
      3.0172685398750776,
      2.9389577075458604,
      3.0324300318367339,
      2.9869350708286899,
      3.0053299874601636,
      3.0549186023520942,
      2.9957229172367503,
      3.1081763941005276,
      3.0741689335096303
    ],
    "tb_n_contact": [
      7.55,
      7.6755095083676199,
      7.4369488032838147,
      7.2129113238793821,
      7.1529527279091312,
      7.3914217055049001,
      7.1626825088132255,
      7.3358020202117444,
      6.7240967986172606,
      7.0250149398254464,
      7.1657330036871487,
      7.4745186096209855,
      7.2330678689897736
    ]
  },
  "count": 0,
  "whether_accepted": [
    true,
    true,
    true,
    true,
    true,
    false,
    true,
    false,
    true,
    true,
    false,
    true,
    true
  ],
  "names": [
    "Untreated smear-positive case fatality",
    "tb_timeperiod_activeuntreated",
    "Effective contact rate"
  ]
}